  INSERT INTO `categories` (`category_name`)
VALUES ('Polo'),
       ('Shirt'),
       ('Tee'),
       ('Hoodie'),
       ('Jacket'),
       ('Jean'),
       ('Long Pant'),
       ('Short'),
       ('Trouser');

INSERT INTO `discounts` (`name`, `discount_percentage`, `start_day`, `end_day`)
VALUES ('Giảm giá cực sốc ngày thành lập cửa hàng', 20, CURDATE(), DATE_ADD(CURDATE(), INTERVAL 7 DAY)),
       ('Giảm giá chúc mừng ngày Tết Dương Lịch', 30, CURDATE(), DATE_ADD(CURDATE(), INTERVAL 2 DAY)),
       ('Giảm giá chúc mừng ngày Tết Nguyên Đán', 10, CURDATE(), DATE_ADD(CURDATE(), INTERVAL 7 DAY)),
       ('Giảm giá ngày Giỗ Tổ Hùng Vương', 10, CURDATE(), DATE_ADD(CURDATE(), INTERVAL 2 DAY)),
       ('Giảm giá đêm trung thu', 10, CURDATE(), DATE_ADD(CURDATE(), INTERVAL 1 DAY)),
       ('Giảm giá cực sốc ngày Quốc tế Lao động', 10, CURDATE(), DATE_ADD(CURDATE(), INTERVAL 1 DAY)),
       ('Giảm giá cực sốc ngày Quốc Khánh', 40, CURDATE(), DATE_ADD(CURDATE(), INTERVAL 2 DAY)),
       ('Giảm giá cực sốc Black Friday', 20, CURDATE(), DATE_ADD(CURDATE(), INTERVAL 1 DAY)),
       ('Giảm giá Halloween', 5, CURDATE(), DATE_ADD(CURDATE(), INTERVAL 1 DAY)),
       ('Giảm giá ngày giáng sinh', 5, CURDATE(), DATE_ADD(CURDATE(), INTERVAL 1 DAY));


INSERT INTO `sizes` (`size_name`)
VALUES ('S'),
       ('M'),
       ('L'),
       ('XL'),
       ('XXL');

INSERT INTO `discount_items` (`category_id`, `discount_id`)
VALUES (1, 1),
       (9, 4),
       (9, 5),
       (6, 8),
       (2, 2),
       (9, 6),
       (7, 10),
       (3, 8),
       (4, 5),
       (3, 7);


INSERT INTO `products` (`name`, `category_id`, `image`, `gender`, `price`, `rating`)
VALUES ('Áo Polo Black Velvet', 1, './Ao/Nam/Polo/AoPoloA.png', 1, 500000, 8.5),
       ('Áo Polo Cổ Bẻ Tay Ngắn Đen', 1, './Ao/Nam/Polo/AoPoloB.png', 1, 600000, 9.0),
       ('Áo Polo Cổ Bẻ Tay Ngắn Đơn Giản Đen', 1, './Ao/Nam/Polo/AoPoloC.png', 1, 550000, 8.0),
       ('Áo Polo Cổ Bẻ Tay Ngắn Gam Nóng', 1, './Ao/Nam/Polo/AoPoloD.png', 1, 599000, 8.3),
       ('Áo Polo Cổ Bẻ Tay Ngắn Màu Be', 1, './Ao/Nam/Polo/AoPoloE.png', 1, 700000, 8.8),
       ('Áo Polo Cổ Bẻ Tay Ngắn Sợi Nhân Tạo Style Đen', 1, './Ao/Nam/Polo/AoPoloF.png', 1, 500000, 9.0),
       ('Áo Polo Cổ Bẻ Tay Ngắn Sợi Nhân Tạo Thoáng Mát Trơn Dáng Vừa Đơn Giản', 1, './Ao/Nam/Polo/AoPoloG.png', 1,
        500000, 8.5),
       ('Áo Polo Cổ Bẻ Tay Ngắn Trắng Sọc EST2010', 1, './Ao/Nam/Polo/AoPoloH.png', 1, 600000, 8.5),
       ('Áo Polo Cổ Bẻ Tay Ngắn Vải Cotton 2 Chiều Gam Nóng', 1, './Ao/Nam/Polo/AoPoloI.png', 1, 600000, 8.5),
       ('Áo Polo Cổ Bẻ Tay Ngắn Vải Cotton 2 Chiều Khepir trắng', 1, './Ao/Nam/Polo/AoPoloJ.png', 1, 650000, 8.5),
       ('Áo Sơ Mi Cổ Bẻ Tay Dài Dáng Rộng JHS', 2, './Ao/Nam/Shirt/AoShirtA.png', 1, 600000, 9.5),
       ('Áo Sơ Mi Cổ Bẻ Tay Dài Sợi Cà Phê Đen', 2, './Ao/Nam/Shirt/AoShirtB.png', 1, 800000, 9.0),
       ('Áo Sơ Mi Cổ Bẻ Tay Dài Sợi Cà Phê Trắng', 2, './Ao/Nam/Shirt/AoShirtC.png', 1, 750000, 8.0),
       ('Áo Sơ Mi Cổ Bẻ Tay Dài Vải Cotton Đen', 2, './Ao/Nam/Shirt/AoShirtD.png', 1, 699000, 8.3),
       ('Áo Sơ Mi Cổ Bẻ Tay Dài Vải Cotton Nâu Đất', 2, './Ao/Nam/Shirt/AoShirtE.png', 1, 800000, 8.8),
       ('Áo Sơ Mi Cổ Bẻ Tay Ngắn Đen', 2, './Ao/Nam/Shirt/AoShirtF.png', 1, 600000, 9.0),
       ('Áo Sơ Mi Cổ Bẻ Tay Ngắn Sợi Nhân Tạo Nâu', 2, './Ao/Nam/Shirt/AoShirtG.png', 1, 600000, 8.5),
       ('Áo Sơ Mi Cổ Bẻ Tay Ngắn Sợi Tự Nhiên Đen', 2, './Ao/Nam/Shirt/AoShirtH.png', 1, 700000, 8.5),
       ('Áo Sơ Mi Cổ Mở Tay Ngắn Họa Tiết Xanh Đen', 2, './Ao/Nam/Shirt/AoShirtI.png', 1, 700000, 8.5),
       ('Áo Sơ Mi Cổ Bẻ Tay Ngắn Vải Cotton Thấm Hút Đỏ', 2, './Ao/Nam/Shirt/AoShirtJ.png', 1, 750000, 8.5),
       ('Áo thun CÀ PHÊ', 3, './Ao/Nam/Tee/AoTeeA.png', 1, 500000, 8.5),
       ('Áo thun Black Brusque', 3, './Ao/Nam/Tee/AoTeeB.png', 1, 600000, 9.0),
       ('Áo thun VIETNAMESE', 3, './Ao/Nam/Tee/AoTeeC.png', 1, 550000, 8.0),
       ('Áo thun SAND BAD UNIFORM', 3, './Ao/Nam/Tee/AoTeeD.png', 1, 599000, 8.3),
       ('Áo Thun Cổ Tròn Tay Ngắn Vải Cotton 2 Chiều Ver2 Đen', 3, './Ao/Nam/Tee/AoTeeE.png', 1, 700000, 8.8),
       ('Áo thun WHITE SUPERLOGO', 3, './Ao/Nam/Tee/AoTeeF.png', 1, 500000, 9.0),
       ('Áo thun White Solid', 3, './Ao/Nam/Tee/AoTeeG.png', 1, 500000, 8.5),
       ('Áo thun WHITE FISHEYE LOGO', 3, './Ao/Nam/Tee/AoTeeH.png', 1, 600000, 8.5),
       ('Áo Thun Cổ Tròn Tay Ngắn Vải Cotton 2 Chiều 4E Nâu Nhạt', 3, './Ao/Nam/Tee/AoTeeI.png', 1, 600000, 8.5),
       ('Áo Thun Cổ Tròn Tay Ngắn Vải Cotton 2 Chiều 4E Vàng', 3, './Ao/Nam/Tee/AoTeeJ.png', 1, 650000, 8.5),
       ('Hoodie Có Nón Vải Thun Thiết Kế Athena Xanh Ve Chai', 4, './Ao/Nam/Hoodie/AoHoodieA.png', 1, 500000, 8.5),
       ('Hoodie Có Nón Vải Thun Giữ ấm Y2010 Originals Đen', 4, './Ao/Nam/Hoodie/AoHoodieB.png', 1, 600000, 9.0),
       ('Hoodie Có Nón Vải Thun Giữ ấm Originals Trắng', 4, './Ao/Nam/Hoodie/AoHoodieC.png', 1, 550000, 8.0),
       ('Hoodie Có Nón Vải Thun Chống Nắng Sekhmet Nâu', 4, './Ao/Nam/Hoodie/AoHoodieD.png', 1, 599000, 8.3),
       ('Black Solid Fullzip Hoodie', 4, './Ao/Nam/Hoodie/AoHoodieE.png', 1, 700000, 8.8),
       ('Black Humanity Hoodie Zip', 4, './Ao/Nam/Hoodie/AoHoodieF.png', 1, 500000, 9.0),
       ('Black Summer Time Zip Hoodie', 4, './Ao/Nam/Hoodie/AoHoodieG.png', 1, 500000, 8.5),
       ('Tan Solid Fullzip Hoodie', 4, './Ao/Nam/Hoodie/AoHoodieH.png', 1, 600000, 8.5),
       ('Pepper Humanity Hoodie Zip', 4, './Ao/Nam/Hoodie/AoHoodieI.png', 1, 600000, 8.5),
       ('Momentum Washed Boxy Hoodie', 4, './Ao/Nam/Hoodie/AoHoodieJ.png', 1, 650000, 8.5),
       ('Black SLYTEAM Jacket', 5, './Ao/Nam/Jacket/AoJacketA.png', 1, 500000, 8.5),
       ('Jacket Áo Khoác Có Nón Vải Dù Cosmo 03 Đen', 5, './Ao/Nam/Jacket/AoJacketB.png', 1, 600000, 9.0),
       ('Jacket Có Nón Vải Dù Thiết Kế Space Ver11 Đen', 5, './Ao/Nam/Jacket/AoJacketC.png', 1, 550000, 8.0),
       ('Jacket Có Nón Vải Thun Chống Nắng Trắng', 5, './Ao/Nam/Jacket/AoJacketD.png', 1, 599000, 8.3),
       ('Jacket Không Nón Vải Denim Chống Nắng Nâu', 5, './Ao/Nam/Jacket/AoJacketE.png', 1, 700000, 8.8),
       ('Jacket Không Nón Vải Denim Chống Nắng Thiết Kế Vạn Xuân Kiến Quốc Đỏ', 5, './Ao/Nam/Jacket/AoJacketF.png', 1,
        500000, 9.0),
       ('Jacket Không Nón Vải Dù Chống Nắng Originals Đen', 5, './Ao/Nam/Jacket/AoJacketG.png', 1, 500000, 8.5),
       ('Jacket Không Nón Vải Thun Giữ ấm Cam', 5, './Ao/Nam/Jacket/AoJacketH.png', 1, 600000, 8.5),
       ('Jacket Không Nón Vải Thun Giữ ấm Trắng Xanh', 5, './Ao/Nam/Jacket/AoJacketI.png', 1, 600000, 8.5),
       ('Zipped Denim Jacket', 5, './Ao/Nam/Jacket/AoJacketJ.png', 1, 650000, 8.5),
       ('Quần Jean Lưng Gài Ống Đứng Có Rách POSEIDON Ver1 Xanh Nhạt', 6, './quan/Nam/Jean/QuanJeanA.png', 1, 500000,
        8.5),
       ('Quần Jean Lưng Gài Ống Đứng Cosmo 04 Xanh Nhạt', 6, './quan/Nam/Jean/QuanJeanB.png', 1, 600000, 9.0),
       ('Quần Jean Lưng Gài Ống Đứng Gu Tối Giản M7 Đen', 6, './quan/Nam/Jean/QuanJeanC.png', 1, 550000, 8.0),
       ('Quần Jean Lưng Gài Ống Đứng Jean Mềm 02 Xanh Đậm', 6, './quan/Nam/Jean/QuanJeanD.png', 1, 599000, 8.3),
       ('Quần Jean Lưng Gài Ống Đứng Không Rách Gu Đơn Giản B43 Xanh Trắng', 6, './quan/Nam/Jean/QuanJeanE.png', 1,
        700000, 8.8),
       ('Quần Jean Lưng Gài Ống Đứng Thiết Kế The Days Eye 20 Xanh Nhạt', 6, './quan/Nam/Jean/QuanJeanF.png', 1, 500000,
        9.0),
       ('Quần Short Jean Lưng Gài Trên Gối Vải Denim Cosmo 30 Đen', 6, './quan/Nam/Jean/QuanJeanG.png', 1, 500000, 8.5),
       ('Quần Short Jean Lưng Gài Trên Gối Vải Denim Cosmo 30 Xanh Đậm', 6, './quan/Nam/Jean/QuanJeanH.png', 1, 600000,
        8.5),
       ('Quần Short Jean Lưng Gài Trên Gối Vải Denim Cosmo 30 Xanh Dương', 6, './quan/Nam/Jean/QuanJeanI.png', 1,
        600000, 8.5),
       ('Quần Jean Lưng Gài Ống Đứng Vải Cotton Gu Tối Giản B39 Xanh Đậm', 6, './quan/Nam/Jean/QuanJeanJ.png', 1,
        650000, 8.5),
       ('Quần Dài Lưng Thun Ống Đứng Đơn Giản PREMIUM 12 Đen', 7, './quan/Nam/LongPant/QuanDaiA.png', 1, 500000, 8.5),
       ('Quần Dài Lưng Thun Ống Đứng Vải Cotton 4 Chiều Đen', 7, './quan/Nam/LongPant/QuanDaiB.png', 1, 600000, 9.0),
       ('Quần Dài Lưng Thun Ống Đứng Vải Denim Y2010 Originals Đen', 7, './quan/Nam/LongPant/QuanDaiC.png', 1, 550000,
        8.0),
       ('Quần Dài Lưng Thun Ống Đứng Y2010 Originals Xám', 7, './quan/Nam/LongPant/QuanDaiD.png', 1, 599000, 8.3),
       ('Quần Dài Lưng Thun Ống Ôm Gu Tối Giản Đen', 7, './quan/Nam/LongPant/QuanDaiE.png', 1, 700000, 8.8),
       ('Quần Dài Lưng Thun Ống Ôm Sợi Nhân Tạo Nâu', 7, './quan/Nam/LongPant/QuanDaiF.png', 1, 500000, 9.0),
       ('Quần Dài Lưng Thun Ống Ôm Y2010 Originals', 7, './quan/Nam/LongPant/QuanDaiG.png', 1, 500000, 8.5),
       ('Quần Dài Lưng Thun Ống Ôm Y2010 Originals Nâu Cafe', 7, './quan/Nam/LongPant/QuanDaiH.png', 1, 600000, 8.5),
       ('Quần Dài Lưng Thun Ống Ôm Y2010 Originals Xám Chì', 7, './quan/Nam/LongPant/QuanDaiI.png', 1, 600000, 8.5),
       ('Quần Dài Lưng Gài Ống Đứng Y2010 Originals Xanh Rêu', 7, './quan/Nam/LongPant/QuanDaiJ.png', 1, 650000, 8.5),
       ('Quần Short Lưng Gài Cosmo 38 Đen', 8, './quan/Nam/Short/QuanShortA.png', 1, 500000, 8.5),
       ('Quần Short Lưng Gài Cosmo 38 Xám Đậm', 8, './quan/Nam/Short/QuanShortB.png', 1, 600000, 9.0),
       ('Quần Short Lưng Gài Dưới Gối Vải Denim Y2010 Originals Xám Trắng', 8, './quan/Nam/Short/QuanShortC.png', 1,
        550000, 8.0),
       ('Quần Short Lưng Gài Dưới Gối Vải Denim Y2010 Originals Đen', 8, './quan/Nam/Short/QuanShortD.png', 1, 599000,
        8.3),
       ('Quần Short Lưng Gài Dưới Gối Vải Denim Y2010 Originals', 8, './quan/Nam/Short/QuanShortE.png', 1, 700000, 8.8),
       ('Quần Short Lưng Gài Xanh Đen', 8, './quan/Nam/Short/QuanShortF.png', 1, 500000, 9.0),
       ('Quần Short Lưng Gài Trên Gối Vải Denim Y2010 Originals Kem', 8, './quan/Nam/Short/QuanShortG.png', 1, 500000,
        8.5),
       ('Quần Short Lưng Gài Thun Dưới Gối Gu Tối Giản Xanh Đậu', 8, './quan/Nam/Short/QuanShortH.png', 1, 600000, 8.5),
       ('Quần Short Lưng Gài Thun Dưới Gối Xanh Ve Chai', 8, './quan/Nam/Short/QuanShortI.png', 1, 500000, 8.5),
       ('Quần Short Lưng Gài Thun Dưới Gối Xám', 8, './quan/Nam/Short/QuanShortJ.png', 1, 500000, 8.5),
       ('Quần Tây Sợi Tự Nhiên Ít Nhăn Cosmo Đen', 9, './quan/Nam/Trouser/QuanTayA.png', 1, 500000, 8.5),
       ('Quần Tây Sợi Tự Nhiên Ít Nhăn Cosmo Gam Nóng Nâu', 9, './quan/Nam/Trouser/QuanTayB.png', 1, 600000, 9.0),
       ('Quần Tây Sợi Tự Nhiên Ít Nhăn Cosmo Y2010 Originals Xám', 9, './quan/Nam/Trouser/QuanTayC.png', 1, 550000,
        8.0),
       ('Quần Tây Sợi Tự Nhiên Ít Nhăn Cosmo Xám', 9, './quan/Nam/Trouser/QuanTayD.png', 1, 599000, 8.3),
       ('Quần Tây Sợi Tự Nhiên Ít Nhăn Gu Tối Giản Xám', 9, './quan/Nam/Trouser/QuanTayE.png', 1, 700000, 8.8),
       ('Quần Tây Sợi Tự Nhiên Ít Nhăn Y2010 Originals Xám Đen', 9, './quan/Nam/Trouser/QuanTayF.png', 1, 500000, 9.0),
       ('Quần Tây Sợi Tự Nhiên Ít Nhăn Y2010 Originals Xanh Đen', 9, './quan/Nam/Trouser/QuanTayG.png', 1, 500000, 8.5),
       ('Quần Tây Sợi Tự Nhiên Ít Nhăn Xanh Sọc', 9, './quan/Nam/Trouser/QuanTayH.png', 1, 600000, 8.5),
       ('Quần Tây Sợi Tự Nhiên Ít Nhăn Nâu Nhạt', 9, './quan/Nam/Trouser/QuanTayI.png', 1, 600000, 8.5),
       ('Quần Tây Sợi Tự Nhiên', 9, './quan/Nam/Trouser/QuanTayJ.png', 1, 650000, 8.5),
       ('Áo Polo Essential - Brown', 1, './Ao/Nu/Polo/AoPoloA.png', 0, 450000, 7.0),
       ('Áo Polo Pixel - White', 1, './Ao/Nu/Polo/AoPoloB.png', 0, 300000, 7.0),
       ('Áo Polo Pixel - Black', 1, './Ao/Nu/Polo/AoPoloC.png', 0, 300000, 7.0),
       ('Áo Polo DC University', 1, './Ao/Nu/Polo/AoPoloD.png', 0, 400000, 7.0),
       ('Áo Polo Devil Say Hi - White', 1, './Ao/Nu/Polo/AoPoloE.png', 0, 300000, 7.0),
       ('Áo Polo High Low - Black', 1, './Ao/Nu/Polo/AoPoloF.png', 0, 295000, 7.0),
       ('Áo Polo High Low - White', 1, './Ao/Nu/Polo/AoPoloG.png', 0, 450000, 7.0),
       ('Áo Polo University Logo - Brown', 1, './Ao/Nu/Polo/AoPoloH.png', 0, 360000, 7.0),
       ('Áo Polo University Logo - Green', 1, './Ao/Nu/Polo/AoPoloJ.png', 0, 360000, 7.0),
       ('Áo Hoodie Creature - Cream', 4, './Ao/Nu/Hoodie/AoHoodieA.png', 0, 690000, 7.0),
       ('Áo Hoodie Basic - Cream', 4, './Ao/Nu/Hoodie/AoHoodieB.png', 0, 460000, 7.0),
       ('Áo Hoodie Popular Logo - Black', 4, './Ao/Nu/Hoodie/AoHoodieC.png', 0, 590000, 7.0),
       ('Áo Hoodie Fire Bear - Grey', 4, './Ao/Nu/Hoodie/AoHoodieD.png', 0, 690000, 7.0),
       ('Áo Hoodie Symbol Applique - Cream', 4, './Ao/Nu/Hoodie/AoHoodieE.png', 0, 690000, 7.0),
       ('Áo Hoodie Symbol Applique - Pink', 4, './Ao/Nu/Hoodie/AoHoodieF.png', 0, 690000, 7.0),
       ('Áo Hoodie Teddy Bear - Blue', 4, './Ao/Nu/Hoodie/AoHoodieG.png', 0, 460000, 7.0),
       ('Áo Hoodie Spray Heart Logo - White', 4, './Ao/Nu/Hoodie/AoHoodieH.png', 0, 690000, 7.0),
       ('Áo Hoodie Gradation Color - Blue', 4, './Ao/Nu/Hoodie/AoHoodieJ.png', 0, 690000, 7.0),
       ('Áo Hoodie Wavy Logo - Black', 4, './Ao/Nu/Hoodie/AoHoodieK.png', 0, 690000, 7.0),
       ('Áo Jacket Donut - Blue', 5, './Ao/Nu/Jacket/AoJacketA.png', 0, 325000, 7.0),
       ('Áo Jacket Kaki Over - Black', 5, './Ao/Nu/Jacket/AoJacketB.png', 0, 210000, 7.0),
       ('Áo Jacket Kaki Over - Blue', 5, './Ao/Nu/Jacket/AoJacketG.png', 0, 690000, 7.0),
       ('Áo Jacket Kaki Over - White', 5, './Ao/Nu/Jacket/AoJacketH.png', 0, 690000, 7.0),
       ('Áo Jacket Kaki Over - Green', 5, './Ao/Nu/Jacket/AoJacketJ.png', 0, 690000, 7.0),
       ('Áo Jacket Baby Light - Black', 5, './Ao/Nu/Jacket/AoJacketC.png', 0, 220000, 7.0),
       ('Áo Jacket Baseball - Yellow', 5, './Ao/Nu/Jacket/AoJacketD.png', 0, 690000, 7.0),
       ('Áo Jacket Baby Fit - Black', 5, './Ao/Nu/Jacket/AoJacketE.png', 0, 690000, 7.0),
       ('Áo Jacket Original - Black', 5, './Ao/Nu/Jacket/AoJacketF.png', 0, 310000, 7.0),
       ('Áo Jacket Original - White', 5, './Ao/Nu/Jacket/AoJacketK.png', 0, 690000, 7.0),
       ('Áo Shirt Scrip Logo - Cream', 2, './Ao/Nu/Shirt/AoShirtA.png', 0, 390000, 7.0),
       ('Áo Shirt Line Graffiti - White', 2, './Ao/Nu/Shirt/AoShirtB.png', 0, 490000, 7.0),
       ('Áo Sơ Mi Metal Logo - Light Sand', 2, './Ao/Nu/Shirt/AoShirtC.png', 0, 390000, 7.0),
       ('Áo Sơ Mi Emblem Logo - Light Sand', 2, './Ao/Nu/Shirt/AoShirtD.png', 0, 460000, 7.0),
       ('Áo Sơ Mi Emblem Logo - Cream', 2, './Ao/Nu/Shirt/AoShirtE.png', 0, 460000, 7.0),
       ('Áo Sơ Mi Emblem Logo - Blue', 2, './Ao/Nu/Shirt/AoShirtF.png', 0, 460000, 7.0),
       ('Áo Sơ Mi Ontop Basic - Black', 2, './Ao/Nu/Shirt/AoShirtG.png', 0, 390000, 7.0),
       ('Áo Sơ Mi Ontop Basic - White', 2, './Ao/Nu/Shirt/AoShirtH.png', 0, 390000, 7.0),
       ('Áo Sơ Mi Layering Pocket - Pink', 2, './Ao/Nu/Shirt/AoShirtJ.png', 0, 490000, 7.0),
       ('Áo Sơ Mi Overfit Pocket - Blue', 2, './Ao/Nu/Shirt/AoShirtK.png', 0, 460000, 7.0),
       ('Áo Thun Apple Girl - Black', 3, './Ao/Nu/Tee/AoTeeA.png', 0, 340000, 7.0),
       ('Áo Thun Colorful Hands - Black', 3, './Ao/Nu/Tee/AoTeeB.png', 0, 340000, 7.0),
       ('Áo Thun Colorful Hands - White', 3, './Ao/Nu/Tee/AoTeeC.png', 0, 340000, 7.0),
       ('Áo Thun Glasses Girl - Black', 3, './Ao/Nu/Tee/AoTeeD.png', 0, 340000, 7.0),
       ('Áo Thun Sunglasses Girl - Black', 3, './Ao/Nu/Tee/AoTeeE.png', 0, 340000, 7.0),
       ('Áo Thun Blue Teddy Bear - White', 3, './Ao/Nu/Tee/AoTeeF.png', 0, 390000, 7.0),
       ('Áo Thun Cactus Mirror - Pink', 3, './Ao/Nu/Tee/AoTeeG.png', 0, 380000, 7.0),
       ('Áo Thun Cartoon Bear - White', 3, './Ao/Nu/Tee/AoTeeH.png', 0, 340000, 7.0),
       ('Áo Thun Creature Planet - White', 3, './Ao/Nu/Tee/AoTeeJ.png', 0, 430000, 7.0),
       ('Áo Thun Creature Planet - Yellow', 3, './Ao/Nu/Tee/AoTeeK.png', 0, 430000, 7.0),
       ('Quần Jean Denim Two Tone - Black', 6, './quan/Nu/Jean/QuanJeanA.png', 0, 590000, 7.0),
       ('Quần Jean Skinny - Light Blue', 6, './quan/Nu/Jean/QuanJeanB.png', 0, 470000, 7.0),
       ('Quần Jean Denim Asymmetry - Blue', 6, './quan/Nu/Jean/QuanJeanC.png', 0, 430000, 7.0),
       ('Quần Jean Cargo Pocket - Black', 6, './quan/Nu/Jean/QuanJeanD.png', 0, 540000, 7.0),
       ('Quần Jean Cut Out - White', 6, './quan/Nu/Jean/QuanJeanE.png', 0, 430000, 7.0),
       ('Quần Jean Daddy - Black', 6, './quan/Nu/Jean/QuanJeanF.png', 0, 580000, 7.0),
       ('Quần Jean Line Destroy - Blue', 6, './quan/Nu/Jean/QuanJeanG.png', 0, 330000, 7.0),
       ('Quần Jean Ripped - Blue', 6, './quan/Nu/Jean/QuanJeanH.png', 0, 430000, 7.0),
       ('Quần Jean Basic Brush - Blue', 6, './quan/Nu/Jean/QuanJeanJ.png', 0, 500000, 7.0),
       ('Quần Jean Square Destroyed - Black', 6, './quan/Nu/Jean/QuanJeanK.png', 0, 390000, 7.0),
       ('Quần Short Emblem Terry - Pink', 8, './quan/Nu/Short/QuanShortA.png', 0, 220000, 7.0),
       ('Quần Short Emblem Terry - Cream', 8, './quan/Nu/Short/QuanShortB.png', 0, 220000, 7.0),
       ('Quần Short Circle Wappen - Black', 8, './quan/Nu/Short/QuanShortC.png', 0, 300000, 7.0),
       ('Quần Short Academy - White', 8, './quan/Nu/Short/QuanShortD.png', 0, 390000, 7.0),
       ('Quần Short Circle Wappen - Blue', 8, './quan/Nu/Short/QuanShortE.png', 0, 300000, 7.0),
       ('Quần Short Circle Wappen - Grey', 8, './quan/Nu/Short/QuanShortF.png', 0, 300000, 7.0),
       ('Quần Short Fish Basic - Black', 8, './quan/Nu/Short/QuanShortG.png', 0, 300000, 7.0),
       ('Quần Short Hello Kitty Lettering - Black', 8, './quan/Nu/Short/QuanShortH.png', 0, 390000, 7.0),
       ('Quần Short New Symbol - Cream', 8, './quan/Nu/Short/QuanShortJ.png', 0, 390000, 7.0),
       ('Quần Short New Symbol - Yellow', 8, './quan/Nu/Short/QuanShortK.png', 0, 390000, 7.0),
       ('Quần Tây Pleat Corduroy - Cream', 9, './quan/Nu/Trouser/QuanTrouserA.png', 0, 500000, 7.0),
       ('Quần Tây Bead-Embellishment - Cream', 9, './quan/Nu/Trouser/QuanTrouserB.png', 0, 500000, 7.0),
       ('Quần Tây Twill Pleated - Orange', 9, './quan/Nu/Trouser/QuanTrouserC.png', 0, 600000, 7.0),
       ('Quần Tây Emporio Armani - White', 9, './quan/Nu/Trouser/QuanTrouserD.png', 0, 640000, 7.0),
       ('Quần Tây High-Waist Tailored - Grey', 9, './quan/Nu/Trouser/QuanTrouserE.png', 0, 630000, 7.0),
       ('Quần Tây Birger Christensen - Pink', 9, './quan/Nu/Trouser/QuanTrouserF.png', 0, 770000, 7.0),
       ('Quần Tây Buttoned Wide-Leg - White', 9, './quan/Nu/Trouser/QuanTrouserG.png', 0, 700000, 7.0),
       ('Quần Tây Bow Detailed Stretch - Black', 9, './quan/Nu/Trouser/QuanTrouserH.png', 0, 500000, 7.0),
       ('Quần Tây Bias High Waist Flared - Black', 9, './quan/Nu/Trouser/QuanTrouserJ.png', 0, 590000, 7.0),
       ('Quần Tây 95 Flared Stretched  - Black', 9, './quan/Nu/Trouser/QuanTrouserK.png', 0, 500000, 7.0);

INSERT INTO `size_items` (`product_id`, `size_id`, `quantity`)
VALUES (1, 1, 10),
       (1, 2, 10),
       (1, 3, 10),
       (1, 4, 10),
       (1, 5, 10),
       (2, 1, 10),
       (2, 2, 10),
       (2, 3, 10),
       (2, 4, 10),
       (2, 5, 10),
       (3, 1, 10),
       (3, 2, 10),
       (3, 3, 10),
       (3, 4, 10),
       (3, 5, 10),
       (4, 1, 10),
       (4, 2, 10),
       (4, 3, 10),
       (4, 4, 10),
       (4, 5, 10),
       (5, 1, 10),
       (5, 2, 10),
       (5, 3, 10),
       (5, 4, 10),
       (5, 5, 10),
       (6, 1, 10),
       (6, 2, 10),
       (6, 3, 10),
       (6, 4, 10),
       (6, 5, 10),
       (7, 1, 10),
       (7, 2, 10),
       (7, 3, 10),
       (7, 4, 10),
       (7, 5, 10),
       (8, 1, 10),
       (8, 2, 10),
       (8, 3, 10),
       (8, 4, 10),
       (8, 5, 10),
       (9, 1, 10),
       (9, 2, 10),
       (9, 3, 10),
       (9, 4, 10),
       (9, 5, 10),
       (10, 1, 10),
       (10, 2, 10),
       (10, 3, 10),
       (10, 4, 10),
       (10, 5, 10),
       (11, 1, 10),
       (11, 2, 10),
       (11, 3, 10),
       (11, 4, 10),
       (11, 5, 10),
       (12, 1, 10),
       (12, 2, 10),
       (12, 3, 10),
       (12, 4, 10),
       (12, 5, 10),
       (13, 1, 10),
       (13, 2, 10),
       (13, 3, 10),
       (13, 4, 10),
       (13, 5, 10),
       (14, 1, 10),
       (14, 2, 10),
       (14, 3, 10),
       (14, 4, 10),
       (14, 5, 10),
       (15, 1, 10),
       (15, 2, 10),
       (15, 3, 10),
       (15, 4, 10),
       (15, 5, 10),
       (16, 1, 10),
       (16, 2, 10),
       (16, 3, 10),
       (16, 4, 10),
       (16, 5, 10),
       (17, 1, 10),
       (17, 2, 10),
       (17, 3, 10),
       (17, 4, 10),
       (17, 5, 10),
       (18, 1, 10),
       (18, 2, 10),
       (18, 3, 10),
       (18, 4, 10),
       (18, 5, 10),
       (19, 1, 10),
       (19, 2, 10),
       (19, 3, 10),
       (19, 4, 10),
       (19, 5, 10),
       (20, 1, 10),
       (20, 2, 10),
       (20, 3, 10),
       (20, 4, 10),
       (20, 5, 10),
       (21, 1, 10),
       (21, 2, 10),
       (21, 3, 10),
       (21, 4, 10),
       (21, 5, 10),
       (22, 1, 10),
       (22, 2, 10),
       (22, 3, 10),
       (22, 4, 10),
       (22, 5, 10),
       (23, 1, 10),
       (23, 2, 10),
       (23, 3, 10),
       (23, 4, 10),
       (23, 5, 10),
       (24, 1, 10),
       (24, 2, 10),
       (24, 3, 10),
       (24, 4, 10),
       (24, 5, 10),
       (25, 1, 10),
       (25, 2, 10),
       (25, 3, 10),
       (25, 4, 10),
       (25, 5, 10),
       (26, 1, 10),
       (26, 2, 10),
       (26, 3, 10),
       (26, 4, 10),
       (26, 5, 10),
       (27, 1, 10),
       (27, 2, 10),
       (27, 3, 10),
       (27, 4, 10),
       (27, 5, 10),
       (28, 1, 10),
       (28, 2, 10),
       (28, 3, 10),
       (28, 4, 10),
       (28, 5, 10),
       (29, 1, 10),
       (29, 2, 10),
       (29, 3, 10),
       (29, 4, 10),
       (29, 5, 10),
       (30, 1, 10),
       (30, 2, 10),
       (30, 3, 10),
       (30, 4, 10),
       (30, 5, 10),
       (31, 1, 10),
       (31, 2, 10),
       (31, 3, 10),
       (31, 4, 10),
       (31, 5, 10),
       (32, 1, 10),
       (32, 2, 10),
       (32, 3, 10),
       (32, 4, 10),
       (32, 5, 10),
       (33, 1, 10),
       (33, 2, 10),
       (33, 3, 10),
       (33, 4, 10),
       (33, 5, 10),
       (34, 1, 10),
       (34, 2, 10),
       (34, 3, 10),
       (34, 4, 10),
       (34, 5, 10),
       (35, 1, 10),
       (35, 2, 10),
       (35, 3, 10),
       (35, 4, 10),
       (35, 5, 10),
       (36, 1, 10),
       (36, 2, 10),
       (36, 3, 10),
       (36, 4, 10),
       (36, 5, 10),
       (37, 1, 10),
       (37, 2, 10),
       (37, 3, 10),
       (37, 4, 10),
       (37, 5, 10),
       (38, 1, 10),
       (38, 2, 10),
       (38, 3, 10),
       (38, 4, 10),
       (38, 5, 10),
       (39, 1, 10),
       (39, 2, 10),
       (39, 3, 10),
       (39, 4, 10),
       (39, 5, 10),
       (40, 1, 10),
       (40, 2, 10),
       (40, 3, 10),
       (40, 4, 10),
       (40, 5, 10),
       (41, 1, 10),
       (41, 2, 10),
       (41, 3, 10),
       (41, 4, 10),
       (41, 5, 10),
       (42, 1, 10),
       (42, 2, 10),
       (42, 3, 10),
       (42, 4, 10),
       (42, 5, 10),
       (43, 1, 10),
       (43, 2, 10),
       (43, 3, 10),
       (43, 4, 10),
       (43, 5, 10),
       (44, 1, 10),
       (44, 2, 10),
       (44, 3, 10),
       (44, 4, 10),
       (44, 5, 10),
       (45, 1, 10),
       (45, 2, 10),
       (45, 3, 10),
       (45, 4, 10),
       (45, 5, 10),
       (46, 1, 10),
       (46, 2, 10),
       (46, 3, 10),
       (46, 4, 10),
       (46, 5, 10),
       (47, 1, 10),
       (47, 2, 10),
       (47, 3, 10),
       (47, 4, 10),
       (47, 5, 10),
       (48, 1, 10),
       (48, 2, 10),
       (48, 3, 10),
       (48, 4, 10),
       (48, 5, 10),
       (49, 1, 10),
       (49, 2, 10),
       (49, 3, 10),
       (49, 4, 10),
       (49, 5, 10),
       (50, 1, 10),
       (50, 2, 10),
       (50, 3, 10),
       (50, 4, 10),
       (50, 5, 10),
       (51, 1, 10),
       (51, 2, 10),
       (51, 3, 10),
       (51, 4, 10),
       (51, 5, 10),
       (52, 1, 10),
       (52, 2, 10),
       (52, 3, 10),
       (52, 4, 10),
       (52, 5, 10),
       (53, 1, 10),
       (53, 2, 10),
       (53, 3, 10),
       (53, 4, 10),
       (53, 5, 10),
       (54, 1, 10),
       (54, 2, 10),
       (54, 3, 10),
       (54, 4, 10),
       (54, 5, 10),
       (55, 1, 10),
       (55, 2, 10),
       (55, 3, 10),
       (55, 4, 10),
       (55, 5, 10),
       (56, 1, 10),
       (56, 2, 10),
       (56, 3, 10),
       (56, 4, 10),
       (56, 5, 10),
       (57, 1, 10),
       (57, 2, 10),
       (57, 3, 10),
       (57, 4, 10),
       (57, 5, 10),
       (58, 1, 10),
       (58, 2, 10),
       (58, 3, 10),
       (58, 4, 10),
       (58, 5, 10),
       (59, 1, 10),
       (59, 2, 10),
       (59, 3, 10),
       (59, 4, 10),
       (59, 5, 10),
       (60, 1, 10),
       (60, 2, 10),
       (60, 3, 10),
       (60, 4, 10),
       (60, 5, 10),
       (61, 1, 10),
       (61, 2, 10),
       (61, 3, 10),
       (61, 4, 10),
       (61, 5, 10),
       (62, 1, 10),
       (62, 2, 10),
       (62, 3, 10),
       (62, 4, 10),
       (62, 5, 10),
       (63, 1, 10),
       (63, 2, 10),
       (63, 3, 10),
       (63, 4, 10),
       (63, 5, 10),
       (64, 1, 10),
       (64, 2, 10),
       (64, 3, 10),
       (64, 4, 10),
       (64, 5, 10),
       (65, 1, 10),
       (65, 2, 10),
       (65, 3, 10),
       (65, 4, 10),
       (65, 5, 10),
       (66, 1, 10),
       (66, 2, 10),
       (66, 3, 10),
       (66, 4, 10),
       (66, 5, 10),
       (67, 1, 10),
       (67, 2, 10),
       (67, 3, 10),
       (67, 4, 10),
       (67, 5, 10),
       (68, 1, 10),
       (68, 2, 10),
       (68, 3, 10),
       (68, 4, 10),
       (68, 5, 10),
       (69, 1, 10),
       (69, 2, 10),
       (69, 3, 10),
       (69, 4, 10),
       (69, 5, 10),
       (70, 1, 10),
       (70, 2, 10),
       (70, 3, 10),
       (70, 4, 10),
       (70, 5, 10),
       (71, 1, 10),
       (71, 2, 10),
       (71, 3, 10),
       (71, 4, 10),
       (71, 5, 10),
       (72, 1, 10),
       (72, 2, 10),
       (72, 3, 10),
       (72, 4, 10),
       (72, 5, 10),
       (73, 1, 10),
       (73, 2, 10),
       (73, 3, 10),
       (73, 4, 10),
       (73, 5, 10),
       (74, 1, 10),
       (74, 2, 10),
       (74, 3, 10),
       (74, 4, 10),
       (74, 5, 10),
       (75, 1, 10),
       (75, 2, 10),
       (75, 3, 10),
       (75, 4, 10),
       (75, 5, 10),
       (76, 1, 10),
       (76, 2, 10),
       (76, 3, 10),
       (76, 4, 10),
       (76, 5, 10),
       (77, 1, 10),
       (77, 2, 10),
       (77, 3, 10),
       (77, 4, 10),
       (77, 5, 10),
       (78, 1, 10),
       (78, 2, 10),
       (78, 3, 10),
       (78, 4, 10),
       (78, 5, 10),
       (79, 1, 10),
       (79, 2, 10),
       (79, 3, 10),
       (79, 4, 10),
       (79, 5, 10),
       (80, 1, 10),
       (80, 2, 10),
       (80, 3, 10),
       (80, 4, 10),
       (80, 5, 10),
       (81, 1, 10),
       (81, 2, 10),
       (81, 3, 10),
       (81, 4, 10),
       (81, 5, 10),
       (82, 1, 10),
       (82, 2, 10),
       (82, 3, 10),
       (82, 4, 10),
       (82, 5, 10),
       (83, 1, 10),
       (83, 2, 10),
       (83, 3, 10),
       (83, 4, 10),
       (83, 5, 10),
       (84, 1, 10),
       (84, 2, 10),
       (84, 3, 10),
       (84, 4, 10),
       (84, 5, 10),
       (85, 1, 10),
       (85, 2, 10),
       (85, 3, 10),
       (85, 4, 10),
       (85, 5, 10),
       (86, 1, 10),
       (86, 2, 10),
       (86, 3, 10),
       (86, 4, 10),
       (86, 5, 10),
       (87, 1, 10),
       (87, 2, 10),
       (87, 3, 10),
       (87, 4, 10),
       (87, 5, 10),
       (88, 1, 10),
       (88, 2, 10),
       (88, 3, 10),
       (88, 4, 10),
       (88, 5, 10),
       (89, 1, 10),
       (89, 2, 10),
       (89, 3, 10),
       (89, 4, 10),
       (89, 5, 10),
       (90, 1, 10),
       (90, 2, 10),
       (90, 3, 10),
       (90, 4, 10),
       (90, 5, 10),
       (91, 1, 10),
       (91, 2, 10),
       (91, 3, 10),
       (91, 4, 10),
       (91, 5, 10),
       (92, 1, 10),
       (92, 2, 10),
       (92, 3, 10),
       (92, 4, 10),
       (92, 5, 10),
       (93, 1, 10),
       (93, 2, 10),
       (93, 3, 10),
       (93, 4, 10),
       (93, 5, 10),
       (94, 1, 10),
       (94, 2, 10),
       (94, 3, 10),
       (94, 4, 10),
       (94, 5, 10),
       (95, 1, 10),
       (95, 2, 10),
       (95, 3, 10),
       (95, 4, 10),
       (95, 5, 10),
       (96, 1, 10),
       (96, 2, 10),
       (96, 3, 10),
       (96, 4, 10),
       (96, 5, 10),
       (97, 1, 10),
       (97, 2, 10),
       (97, 3, 10),
       (97, 4, 10),
       (97, 5, 10),
       (98, 1, 10),
       (98, 2, 10),
       (98, 3, 10),
       (98, 4, 10),
       (98, 5, 10),
       (99, 1, 10),
       (99, 2, 10),
       (99, 3, 10),
       (99, 4, 10),
       (99, 5, 10),
       (100, 1, 10),
       (100, 2, 10),
       (100, 3, 10),
       (100, 4, 10),
       (100, 5, 10),
       (101, 1, 10),
       (101, 2, 10),
       (101, 3, 10),
       (101, 4, 10),
       (101, 5, 10),
       (102, 1, 10),
       (102, 2, 10),
       (102, 3, 10),
       (102, 4, 10),
       (102, 5, 10),
       (103, 1, 10),
       (103, 2, 10),
       (103, 3, 10),
       (103, 4, 10),
       (103, 5, 10),
       (104, 1, 10),
       (104, 2, 10),
       (104, 3, 10),
       (104, 4, 10),
       (104, 5, 10),
       (105, 1, 10),
       (105, 2, 10),
       (105, 3, 10),
       (105, 4, 10),
       (105, 5, 10),
       (106, 1, 10),
       (106, 2, 10),
       (106, 3, 10),
       (106, 4, 10),
       (106, 5, 10),
       (107, 1, 10),
       (107, 2, 10),
       (107, 3, 10),
       (107, 4, 10),
       (107, 5, 10),
       (108, 1, 10),
       (108, 2, 10),
       (108, 3, 10),
       (108, 4, 10),
       (108, 5, 10),
       (109, 1, 10),
       (109, 2, 10),
       (109, 3, 10),
       (109, 4, 10),
       (109, 5, 10),
       (110, 1, 10),
       (110, 2, 10),
       (110, 3, 10),
       (110, 4, 10),
       (110, 5, 10),
       (111, 1, 10),
       (111, 2, 10),
       (111, 3, 10),
       (111, 4, 10),
       (111, 5, 10),
       (112, 1, 10),
       (112, 2, 10),
       (112, 3, 10),
       (112, 4, 10),
       (112, 5, 10),
       (113, 1, 10),
       (113, 2, 10),
       (113, 3, 10),
       (113, 4, 10),
       (113, 5, 10),
       (114, 1, 10),
       (114, 2, 10),
       (114, 3, 10),
       (114, 4, 10),
       (114, 5, 10),
       (115, 1, 10),
       (115, 2, 10),
       (115, 3, 10),
       (115, 4, 10),
       (115, 5, 10),
       (116, 1, 10),
       (116, 2, 10),
       (116, 3, 10),
       (116, 4, 10),
       (116, 5, 10),
       (117, 1, 10),
       (117, 2, 10),
       (117, 3, 10),
       (117, 4, 10),
       (117, 5, 10),
       (118, 1, 10),
       (118, 2, 10),
       (118, 3, 10),
       (118, 4, 10),
       (118, 5, 10),
       (119, 1, 10),
       (119, 2, 10),
       (119, 3, 10),
       (119, 4, 10),
       (119, 5, 10),
       (120, 1, 10),
       (120, 2, 10),
       (120, 3, 10),
       (120, 4, 10),
       (120, 5, 10),
       (121, 1, 10),
       (121, 2, 10),
       (121, 3, 10),
       (121, 4, 10),
       (121, 5, 10),
       (122, 1, 10),
       (122, 2, 10),
       (122, 3, 10),
       (122, 4, 10),
       (122, 5, 10),
       (123, 1, 10),
       (123, 2, 10),
       (123, 3, 10),
       (123, 4, 10),
       (123, 5, 10),
       (124, 1, 10),
       (124, 2, 10),
       (124, 3, 10),
       (124, 4, 10),
       (124, 5, 10),
       (125, 1, 10),
       (125, 2, 10),
       (125, 3, 10),
       (125, 4, 10),
       (125, 5, 10),
       (126, 1, 10),
       (126, 2, 10),
       (126, 3, 10),
       (126, 4, 10),
       (126, 5, 10),
       (127, 1, 10),
       (127, 2, 10),
       (127, 3, 10),
       (127, 4, 10),
       (127, 5, 10),
       (128, 1, 10),
       (128, 2, 10),
       (128, 3, 10),
       (128, 4, 10),
       (128, 5, 10),
       (129, 1, 10),
       (129, 2, 10),
       (129, 3, 10),
       (129, 4, 10),
       (129, 5, 10),
       (130, 1, 10),
       (130, 2, 10),
       (130, 3, 10),
       (130, 4, 10),
       (130, 5, 10),
       (131, 1, 10),
       (131, 2, 10),
       (131, 3, 10),
       (131, 4, 10),
       (131, 5, 10),
       (132, 1, 10),
       (132, 2, 10),
       (132, 3, 10),
       (132, 4, 10),
       (132, 5, 10),
       (133, 1, 10),
       (133, 2, 10),
       (133, 3, 10),
       (133, 4, 10),
       (133, 5, 10),
       (134, 1, 10),
       (134, 2, 10),
       (134, 3, 10),
       (134, 4, 10),
       (134, 5, 10),
       (135, 1, 10),
       (135, 2, 10),
       (135, 3, 10),
       (135, 4, 10),
       (135, 5, 10),
       (136, 1, 10),
       (136, 2, 10),
       (136, 3, 10),
       (136, 4, 10),
       (136, 5, 10),
       (137, 1, 10),
       (137, 2, 10),
       (137, 3, 10),
       (137, 4, 10),
       (137, 5, 10),
       (138, 1, 10),
       (138, 2, 10),
       (138, 3, 10),
       (138, 4, 10),
       (138, 5, 10),
       (139, 1, 10),
       (139, 2, 10),
       (139, 3, 10),
       (139, 4, 10),
       (139, 5, 10),
       (140, 1, 10),
       (140, 2, 10),
       (140, 3, 10),
       (140, 4, 10),
       (140, 5, 10),
       (141, 1, 10),
       (141, 2, 10),
       (141, 3, 10),
       (141, 4, 10),
       (141, 5, 10),
       (142, 1, 10),
       (142, 2, 10),
       (142, 3, 10),
       (142, 4, 10),
       (142, 5, 10),
       (143, 1, 10),
       (143, 2, 10),
       (143, 3, 10),
       (143, 4, 10),
       (143, 5, 10),
       (144, 1, 10),
       (144, 2, 10),
       (144, 3, 10),
       (144, 4, 10),
       (144, 5, 10),
       (145, 1, 10),
       (145, 2, 10),
       (145, 3, 10),
       (145, 4, 10),
       (145, 5, 10),
       (146, 1, 10),
       (146, 2, 10),
       (146, 3, 10),
       (146, 4, 10),
       (146, 5, 10),
       (147, 1, 10),
       (147, 2, 10),
       (147, 3, 10),
       (147, 4, 10),
       (147, 5, 10),
       (148, 1, 10),
       (148, 2, 10),
       (148, 3, 10),
       (148, 4, 10),
       (148, 5, 10),
       (149, 1, 10),
       (149, 2, 10),
       (149, 3, 10),
       (149, 4, 10),
       (149, 5, 10),
       (150, 1, 10),
       (150, 2, 10),
       (150, 3, 10),
       (150, 4, 10),
       (150, 5, 10),
       (151, 1, 10),
       (151, 2, 10),
       (151, 3, 10),
       (151, 4, 10),
       (151, 5, 10),
       (152, 1, 10),
       (152, 2, 10),
       (152, 3, 10),
       (152, 4, 10),
       (152, 5, 10),
       (153, 1, 10),
       (153, 2, 10),
       (153, 3, 10),
       (153, 4, 10),
       (153, 5, 10),
       (154, 1, 10),
       (154, 2, 10),
       (154, 3, 10),
       (154, 4, 10),
       (154, 5, 10),
       (155, 1, 10),
       (155, 2, 10),
       (155, 3, 10),
       (155, 4, 10),
       (155, 5, 10),
       (156, 1, 10),
       (156, 2, 10),
       (156, 3, 10),
       (156, 4, 10),
       (156, 5, 10),
       (157, 1, 10),
       (157, 2, 10),
       (157, 3, 10),
       (157, 4, 10),
       (157, 5, 10),
       (158, 1, 10),
       (158, 2, 10),
       (158, 3, 10),
       (158, 4, 10),
       (158, 5, 10),
       (159, 1, 10),
       (159, 2, 10),
       (159, 3, 10),
       (159, 4, 10),
       (159, 5, 10),
       (160, 1, 10),
       (160, 2, 10),
       (160, 3, 10),
       (160, 4, 10),
       (160, 5, 10),
       (161, 1, 10),
       (161, 2, 10),
       (161, 3, 10),
       (161, 4, 10),
       (161, 5, 10),
       (162, 1, 10),
       (162, 2, 10),
       (162, 3, 10),
       (162, 4, 10),
       (162, 5, 10),
       (163, 1, 10),
       (163, 2, 10),
       (163, 3, 10),
       (163, 4, 10),
       (163, 5, 10),
       (164, 1, 10),
       (164, 2, 10),
       (164, 3, 10),
       (164, 4, 10),
       (164, 5, 10),
       (165, 1, 10),
       (165, 2, 10),
       (165, 3, 10),
       (165, 4, 10),
       (165, 5, 10),
       (166, 1, 10),
       (166, 2, 10),
       (166, 3, 10),
       (166, 4, 10),
       (166, 5, 10),
       (167, 1, 10),
       (167, 2, 10),
       (167, 3, 10),
       (167, 4, 10),
       (167, 5, 10),
       (168, 1, 10),
       (168, 2, 10),
       (168, 3, 10),
       (168, 4, 10),
       (168, 5, 10),
       (169, 1, 10),
       (169, 2, 10),
       (169, 3, 10),
       (169, 4, 10),
       (169, 5, 10);

INSERT INTO `imports` (`import_date`, `total_price`)
VALUES (4,'2023-10-13 13:30:00', 255000000),
       (5,'2023-10-13 14:30:00', 339150000),
       (4,'2023-10-13 15:30:00', 297500000),
       (6,'2023-10-13 16:30:00', 382500000),
       (4,'2023-10-13 17:30:00', 467500000),
       (7,'2023-10-14 7:00:00', 340000000),
       (8,'2023-10-14 13:00:00', 382500000),
       (10,'2023-10-14 16:30:00', 276250000),
       (9,'2023-10-14 18:00:00', 212500000);

INSERT INTO `import_items` (`import_id`, `product_id`, `quantity`, `price`)
VALUES (1, 1, 50, 300000),
       (1, 2, 50, 300000),
       (1, 3, 50, 300000),
       (1, 4, 50, 300000),
       (1, 5, 50, 300000),
       (1, 6, 50, 300000),
       (1, 7, 50, 300000),
       (1, 8, 50, 300000),
       (1, 9, 50, 300000),
       (1, 10, 50, 300000),
       (1, 11, 50, 300000),
       (1, 12, 50, 300000),
       (1, 13, 50, 300000),
       (1, 14, 50, 300000),
       (1, 15, 50, 300000),
       (1, 16, 50, 300000),
       (1, 17, 50, 300000),
       (2, 18, 50, 399000),
       (2, 19, 50, 399000),
       (2, 20, 50, 399000),
       (2, 21, 50, 399000),
       (2, 22, 50, 399000),
       (2, 23, 50, 399000),
       (2, 24, 50, 399000),
       (2, 25, 50, 399000),
       (2, 26, 50, 399000),
       (2, 27, 50, 399000),
       (2, 28, 50, 399000),
       (2, 29, 50, 399000),
       (2, 30, 50, 399000),
       (2, 31, 50, 399000),
       (2, 32, 50, 399000),
       (2, 33, 50, 399000),
       (2, 34, 50, 399000),
       (3, 35, 50, 350000),
       (3, 36, 50, 350000),
       (3, 37, 50, 350000),
       (3, 38, 50, 350000),
       (3, 39, 50, 350000),
       (3, 40, 50, 350000),
       (3, 41, 50, 350000),
       (3, 42, 50, 350000),
       (3, 43, 50, 350000),
       (3, 44, 50, 350000),
       (3, 45, 50, 350000),
       (3, 46, 50, 350000),
       (3, 47, 50, 350000),
       (3, 48, 50, 350000),
       (3, 49, 50, 350000),
       (3, 50, 50, 350000),
       (3, 51, 50, 350000),
       (4, 52, 50, 450000),
       (4, 53, 50, 450000),
       (4, 54, 50, 450000),
       (4, 55, 50, 450000),
       (4, 56, 50, 450000),
       (4, 57, 50, 450000),
       (4, 58, 50, 450000),
       (4, 59, 50, 450000),
       (4, 60, 50, 450000),
       (4, 61, 50, 450000),
       (4, 62, 50, 450000),
       (4, 63, 50, 450000),
       (4, 64, 50, 450000),
       (4, 65, 50, 450000),
       (4, 66, 50, 450000),
       (4, 67, 50, 450000),
       (4, 68, 50, 450000),
       (5, 69, 50, 550000),
       (5, 69, 50, 550000),
       (5, 70, 50, 550000),
       (5, 71, 50, 550000),
       (5, 72, 50, 550000),
       (5, 73, 50, 550000),
       (5, 74, 50, 550000),
       (5, 75, 50, 550000),
       (5, 76, 50, 550000),
       (5, 77, 50, 550000),
       (5, 78, 50, 550000),
       (5, 79, 50, 550000),
       (5, 80, 50, 550000),
       (5, 81, 50, 550000),
       (5, 82, 50, 550000),
       (5, 83, 50, 550000),
       (5, 84, 50, 550000),
       (5, 85, 50, 550000),
       (6, 86, 50, 400000),
       (6, 87, 50, 400000),
       (6, 88, 50, 400000),
       (6, 89, 50, 400000),
       (6, 90, 50, 400000),
       (6, 91, 50, 400000),
       (6, 92, 50, 400000),
       (6, 93, 50, 400000),
       (6, 94, 50, 400000),
       (6, 95, 50, 400000),
       (6, 96, 50, 400000),
       (6, 97, 50, 400000),
       (6, 98, 50, 400000),
       (6, 99, 50, 400000),
       (6, 100, 50, 400000),
       (6, 101, 50, 400000),
       (6, 102, 50, 400000),
       (7, 103, 50, 450000),
       (7, 104, 50, 450000),
       (7, 105, 50, 450000),
       (7, 106, 50, 450000),
       (7, 107, 50, 450000),
       (7, 108, 50, 450000),
       (7, 109, 50, 450000),
       (7, 110, 50, 450000),
       (7, 111, 50, 450000),
       (7, 112, 50, 450000),
       (7, 113, 50, 450000),
       (7, 114, 50, 450000),
       (7, 115, 50, 450000),
       (7, 116, 50, 450000),
       (7, 117, 50, 450000),
       (7, 118, 50, 450000),
       (7, 119, 50, 450000),
       (8, 120, 50, 325000),
       (8, 121, 50, 325000),
       (8, 122, 50, 325000),
       (8, 123, 50, 325000),
       (8, 124, 50, 325000),
       (8, 125, 50, 325000),
       (8, 126, 50, 325000),
       (8, 127, 50, 325000),
       (8, 128, 50, 325000),
       (8, 129, 50, 325000),
       (8, 130, 50, 325000),
       (8, 131, 50, 325000),
       (8, 132, 50, 325000),
       (8, 133, 50, 325000),
       (8, 134, 50, 325000),
       (8, 135, 50, 325000),
       (8, 136, 50, 325000),
       (9, 137, 50, 250000),
       (9, 138, 50, 250000),
       (9, 139, 50, 250000),
       (9, 140, 50, 250000),
       (9, 141, 50, 250000),
       (9, 142, 50, 250000),
       (9, 143, 50, 250000),
       (9, 144, 50, 250000),
       (9, 145, 50, 250000),
       (9, 146, 50, 250000),
       (9, 147, 50, 250000),
       (9, 148, 50, 250000),
       (9, 149, 50, 250000),
       (9, 150, 50, 250000),
       (9, 151, 50, 250000),
       (9, 152, 50, 250000),
       (9, 153, 50, 250000),
       (9, 154, 50, 250000),
       (9, 155, 50, 250000),
       (9, 156, 50, 250000),
       (9, 157, 50, 250000),
       (9, 158, 50, 250000),
       (9, 159, 50, 250000),
       (9, 160, 50, 250000),
       (9, 161, 50, 250000),
       (9, 162, 50, 250000),
       (9, 163, 50, 250000),
       (9, 164, 50, 250000),
       (9, 165, 50, 250000),
       (9, 166, 50, 250000),
       (9, 167, 50, 250000),
       (9, 168, 50, 250000),
       (9, 169, 50, 250000);

INSERT INTO `roles`(`name`) VALUES
('ADMIN'),
('MANAGER'),
('EMPLOYEE');

INSERT INTO `users`(`username`,`password`,`email`,`name`,`phone`,`gender`,`image`,`role_id`,`address`,`status`) VALUES
('admin',123,'admin@gmail.com','Admin','0123456781',1,'./roleImage/adminIcon.png',1,'An Duong Vuong, Quan 5', 'ACTIVE' ),
('manager',123,'manager@gmail.com','Manager','0123456782',1,'./roleImage/managerIcon.png',2,'An Duong Vuong, Quan 5','ACTIVE'),
('chinh',123,'chinh@gmail.com','Chinh','0123456783',1,'./roleImage/employeeIcon.png',3,'An Duong Vuong, Quan 5','ACTIVE'),
('cuong',123,'cuong@gmail.com','Cuong','0123456784',1,'./roleImage/employeeIcon.png',3,'An Duong Vuong, Quan 5','ACTIVE'),
('bao',123,'bao@gmail.com','Bao','0123456785',1,'./roleImage/employeeIcon.png',3,'An Duong Vuong, Quan 5','ACTIVE'),
('cat',123,'cat@gmail.com','Cat','0123456786',1,'./roleImage/employeeIcon.png',3,'An Duong Vuong, Quan 5','ACTIVE'),
('thanh',123,'thanh@gmail.com','Thanh','01234567897',1,'./roleImage/employeeIcon.png',3,'An Duong Vuong, Quan 5','ACTIVE'),
('danh',123,'danh@gmail.com','Danh','0123456788',1,'./roleImage/employeeIcon.png',3,'An Duong Vuong, Quan 5','ACTIVE'),
('thang',123,'thang@gmail.com','Thang','0123456789',1,'./roleImage/employeeIcon.png',3,'An Duong Vuong, Quan 5','ACTIVE'),
('trieu',123,'trieu@gmail.com','Trieu','0123456780',1,'./roleImage/employeeIcon.png',3,'An Duong Vuong, Quan 5','ACTIVE');

INSERT INTO `customers` (`customer_name`, `phone`, `email`) VALUES
('Nguyen Van A', '0987654321', '111@gmail.com'),
('Nguyen Thi B', '0987654322', '222@gmail.com'),
('Pham Van C', '0987654323', '333@gmail.com'),
('Pham Quoc D', '0987654324', '444@gmail.com'),
('Nguyen Anh E', '0987654325', '555@gmail.com'),
('Truong Gia F', '0987654326', '666@gmail.com'),
('Ha Thi Thu H', '0987654327', '777@gmail.com'),
('Teo Van I', '0987654328', '888@gmail.com'),
('Hoang Van K', '0987654329', '999@gmail.com'),
('Van Hoang L', '0987654330', '1000@gmail.com'),
('Truong Gia Thanh', '0987654331', '1111@gmail.com'),
('Nguyen Anh Danh', '0987654332', '2222@gmail.com'),
('Hoang Gia Bao', '0987654333', '3333@gmail.com'),
('Ho Quoc Cuong', '0987654334', '4444@gmail.com'),
('Vo Chung Thang', '0987654335', '5555@gmail.com');

INSERT INTO `permissions`(`permission_name`) VALUES
('Quản Lý Sản Phẩm '),
('Quản Lý Kho Hàng'),
('Quản Lý Bán Hàng'),
('Quản Lý Nhân Viên'),
('Quản Lý Khách Hàng'),
('Thống Kê Doanh Số'),
('Quản Lý Phân Quyền');

INSERT INTO `role_permissions`(`role_id`,`permission_id`) VALUES
(1,1),
(1,2),
(1,3),
(1,4),
(1,5),
(1,6),
(1,7),
(2,4),
(2,5),
(2,6);

INSERT INTO `orders` (`customer_id`, `user_id`, `order_date`, `total_amount`) VALUES
(1, 3, '2023-10-15', 500000),
(2, 4, '2023-10-16', 1200000),
(3, 5, '2023-10-17', 550000),
(4, 6, '2023-10-18', 1198000),
(5, 7, '2023-10-19', 700000),
(6, 8, '2023-10-20', 1000000),
(7, 9, '2023-10-21', 500000),
(8, 3, '2023-10-22', 1200000),
(9, 4, '2023-10-23', 600000),
(10, 5, '2023-10-24', 1300000);

INSERT INTO `payment_methods`(`method_name`) VALUES
('Thanh toán tiền mặt'),
('Thanh toán chuyển khoản');

INSERT INTO `payments`(`order_id`,`method_id`,`payment_date`,`total_price`) VALUES
(1,2,'2023-10-15',5000000),
(2,1,'2023-10-16',1200000),
(3,1,'2023-10-17',550000),
(4,2,'2023-10-18',1198000),
(5,1,'2023-10-19',700000),
(6,2,'2023-10-20',1000000),
(7,1,'2023-10-21',500000),
(8,2,'2023-10-22',1200000),
(9,1,'2023-10-23',600000),
(10,2,'2023-10-24',1300000);


INSERT INTO `order_items` (`order_id`, `product_id`, `quantity`, `price`) VALUES
(1, 1, 1, 500000),
(2, 2, 2, 600000),
(3, 3, 1, 550000),
(4, 4, 2, 599000),
(5, 5, 1, 700000),
(6, 6, 2, 500000),
(7, 7, 1, 500000),
(8, 8, 2, 600000),
(9, 9, 1, 600000),
(10, 10, 2, 650000);



INSERT INTO `point_transactions` (`customer_id`, `transaction_date`, `points_earned`, `points_used`) VALUES
(1, '2023-10-15', 65, 10),
(2, '2023-10-16', 90, 0),
(3, '2023-10-17', 120, 20),
(4, '2023-10-18', 155, 15),
(5, '2023-10-19', 75, 30),
(6, '2023-10-20', 225, 50),
(7, '2023-10-21', 350, 24),
(8, '2023-10-22', 250, 31),
(9, '2023-10-23', 300, 56),
(10, '2023-10-24', 275, 60);

INSERT INTO `points` (`customer_id`, `points_earned`, `points_used`) VALUES
(1, 65, 10),
(2, 90, 0),
(3, 120, 20),
(4, 155, 15),
(5, 75, 30),
(6, 225, 50),
(7, 350, 24),
(8, 250, 31),
(9, 300, 56),
(10, 275, 60);

INSERT INTO `purchases` (`customer_id`, `purchase_date`, `total_amount`) VALUES
(1, '2023-10-15', 500000),
(2, '2023-10-16', 1200000),
(3, '2023-10-17', 550000),
(4, '2023-10-18', 1198000),
(5, '2023-10-19', 700000),
(6, '2023-10-20', 1000000),
(7, '2023-10-21', 500000),
(8, '2023-10-22', 1200000),
(9, '2023-10-23', 600000),
(10, '2023-10-24', 1300000);
